harry also becomes the worthy possessor of the remaining deathly hallows : the invisibility cloak and the resurrection stone , hence becoming the true master of death .	possessor	owner	holder	buyer	master	teacher
escapologists escape from handcuffs , straitjackets , cages , coffins , steel boxes , barrels , bags , burning buildings , fish-tanks and other perils , often in combination .	perils	dangers	danger	situations	hazards	fates	difficulties	risks	restraints	problems	troubles
the storm continued , crossing the outer banks of north carolina , and retained its strength until june 20 when it became extratropical near newfoundland .	retained	kept	regained
the united states convened a 13-nation conference of the international opium commission in 1909 in shanghai , china in response to increasing criticism of the opium trade .	convened	assembled	gathered	started	opened	ordered	brought together
dodd simply retained his athletic director position , which he had acquired in 1950 .	acquired	received	obtained	achieved	taken	started	amassed
radiometric dating is a technique used to date materials , usually based on a comparison between the observed abundance of a naturally occurring radioactive isotope and its decay products , using known decay rates .	abundance	amount	plenty	wealth	large amount	excess	plenitude	profusion	outpouring	a lot	portion	great amount	heap	availability	quantity
bacterial contaminants are ubiquitous , and foods left unused too long will often acquire substantial amounts of bacterial colonies and become dangerous to eat , leading to food poisoning .	substantial	large	significant	big	a lot	heavy	huge	major	many	great	copious	extensive
tibooburra has an arid , desert climate with temperatures soaring above 40 celsius in summer , often reaching as high as 47 c .	arid	dry	barren	desolate	moistureless
hanna meandered around the southeastern bahamas , weakening to a tropical storm while also dumping heavy rain on already-devastated haiti .	meandered	wandered	walked	traveled	strolled	moved	blew	zigzagged	wondered	twisted	navigated	curved	went
das rheingold is the first of the four operas that comprise der ring des nibelungen , by richard wagner .	comprise	make up	contain	compose	agreed	cover	create	consist of
published by tor books , it was released on august 15 , 1994 in hardcover , and in paperback on july 15 , 1997 .	released	sold	put out	delivered	distributed	issued	sent	published	provided	opened	initiated	available first	premiered	made public	let out	dispensed	let go	made available	dropped	dispersed	revealed	launched	able to be sold
by 1960 he had developed the short story into a screenplay , and envisaged it as containing a suitable role for monroe .	envisaged	imagined	saw	pictured	envisioned	anticipated	considered	conceived	predicted
with poor sales of the a340-200 , airbus decided to use the fuselage of the a340-200 with the wings and engines of the a330-300 .	fuselage	body	cabin	gas tank	tank	fuel tank	main parts	mass	trunk
the last event was held on june 11 , 2000 , not to be held again due to the acquisition of wcw by world wrestling federation .	acquisition	gain	gaining	buying	addition	ownership	receiving	obtaining	acquirement
kowal suggested the name and the iau endorsed it in 1975 .	endorsed	supported	approved	accepted	backed	okayed	authorized	favored	recommended	passed	adopted
dry air wrapping around the southern periphery of the cyclone eroded most of the deep convection by early on september 12 .	periphery	border	outside	outskirts	surroundings	circumference	edges	area
alfonso drops the marriage contract in front of the officers , and , when they read it , they become enraged .	enraged	angry	mad	angered	furious	upset	infuriated
located on the river pedieos and situated almost in the center of the island , it is the seat of government as well as the main business center .	situated	located	placed	positioned	sitting	fixed	settles	based	at
it has now been determined that europa is a prograde rotator , but the exact direction in which its pole points remains ambiguous .	ambiguous	unclear	unknown	uncertain	vague	unsure	random	indeterminate	cloudy	confusing
the bishops ceded the oversticht to the emperor charles v in 1528 , who styled himself `` lord of overijssel '' , thereby giving the province its modern name .	ceded	gave	surrendered	gave up	yielded	transfer	detached	abandoned	handed over	allowed
many parts of odessa were damaged during its siege and recapture on 10 april 1944 , when the city was finally liberated by the red army .	siege	capture	blockade	battle	surrounding	takeover	invasion	blockage	fighting	barricade	holding	conquer	hold
the city was first founded by the british in 1827 , who leased the island from spain during the colonial period .	leased	rented	borrowed	loaned	secured	let	gave
in reference to the landscape , bush describes a wooded area , intermediate between a shrubland and a forest , generally of dry and nitrogen-poor soil , mostly grassless , thin to thick woody shrubs and bushes , under a sparse canapy of eucalypts .	sparse	limited	few	scattered	skimpy	bare	scant	little	slim
they locate food by smell , using sensors in the tip of their snout , and regularly feast on ants and termites .	snout	nose
at present it is formed by the aa , which descends from the rigi and enters the southern extremity of the lake .	extremity	border	boundary	tip	point	portion	farthest	area	section	leg	outside	arm	depth	limb	sides
specialized english operates in the civil society sector , and the developers aspire to make programs for a variety of public service purposes , subject to resources being available .	aspire	try	dream	aim	want	strive	seek	hopes	crave	intend
this period spanned the years from 1278 through 1288 .	spanned	covered	lasted	extended	ranged	stretched over	was between	involved	lasted from	connected	bridged
realising that the gang could not elude the police forever , moondyne joe formulated a plan to escape the colony by traveling overland to the colony of south australia .	elude	avoid	hide from	evade	dodge	run from	trick	puzzle	outrun	lose
southeastern oklahoma , also known by its official tourism designation , kiamichi country , encompasses the southeastern quarter of the state of oklahoma .	encompasses	surrounds	makes up	circles	encircles	spans	fills	occupies	forms	is filled by	envelopes	takes up
in 2001 , unesco inscribed the 2,750-year-old city on the world heritage list as samarkand - crossroads of cultures .	inscribed	wrote	registered	named	etched	put	carved	listed	dubbed	written	entered	designated	labeled
to enjoy qin songs , one must learn to become accustomed to the eccentric style some players may sing their songs to , like in the case of zha fuxi .	eccentric	odd	unique	strange	weird	crazy	bizarre	fancy	uncommon	quirky	abnormal	wacky	varying
as a result of this acquisition and the legal dispute with hearst corporation , mandrakesoft announced that the new company name would be mandriva , and that mandriva linux would be the new name covering products .	dispute	argument	disagreement	battle	debate	conflict	complaint	differences	confrontation	problem	issue	trouble	gain
he was born at plessiel , a hamlet of drucat near abbeville , to a long-established family of picardy , the great-nephew of the painter eustache le sueur .	hamlet	village	town	community	suburb	division	neighborhood	small town	district	small village
their quick acceleration makes them suitable for services with short intervals between stations .	suitable	appropriate	acceptable	useful	okay	fitting	usable	ideal	fit	perfect	convenient	applicable	excellent
aung san suu kyi returned to burma in 1988 to take care of her ailing mother .	ailing	sick	sickly	suffering	sickening
port arthur was also the destination for juvenile convicts , receiving many boys , some as young as nine arrested for stealing toys .	juvenile	child	underage	younger	adolescent	youth	under-age	childish	children	kid
the international re-formed in 1923 , and was reconstituted again , in its present form , after world war ii .	reconstituted	rebuilt	remade	reformed	recreated	restored	reorganized	reestablished	restarted	revived	renewed	rewritten	redeveloped	recomposed	reconstructed	redone	allowed	copied	fixed	reinstated	reworked
the amazon basin is the part of south america drained by the amazon river and its tributaries .	tributaries	branches	smaller rivers	channels	riverless	offshoots	children creeks	adjacent	brooks
typically , the biggest difference between film and stage musicals is the use of lavish background scenery which would be impractical in a theater .	lavish	fancy	extravagant	rich	expensive	plentiful	elaborate	generous	impressive	detailed	garish	flamboyant	excessive	splendid	gaudy	big	lush	luxurious	complex	complicated	lively	pretty	extensive	nice
following the hassles ' demise in 1969 , he formed the duo attila with hassles drummer jon small .	demise	death	breakup	downfall	decline	ending	ended	destruction	crumble
the first amniotes , such as casineria , resembled small lizards and evolved from amphibian reptiliomorphs about 340 million years ago .	resembled	looked like	mirrored	matched	match	mimicked	appear like	emulated	seemed like	doubled	were like	duplicate	echoed	mirror	matching
in 1999 , a world tamil confederation was established to protect and foster tamil culture and further a sense of togetherness amongst tamils in different countries .	foster	support	promote	nurture	grow	encourage	cultivate	help	advance	protect	uphold	started	adopt	serve	previous
historically , in the warm mediterranean and middle eastern climates , the courtyard served to accommodate the large number of worshippers during friday prayers .	accommodate	hold	fit	support	accept	holds	shelter	gather	serve	contain	lodge	provide for
john mccain polled 62.5 % in the 2008 presidential election while 70.9 % of utahns opted for george w. bush in 2004 .	opted	voted	chose	went	choose	elected	selected	hoped
throughout most of the film , his only true friend , aside from his mother , is the mouse , timothy - a relationship parodying the stereotypical animosity between mice and elephants .	animosity	hatred	dislike	tension	hostility	unfriendliness	enmity	bitterness	fighting	anger	problem	difference	conflict
the band is known for its large line-up , which consists of nine members ; including a vocalist , two guitarists , a bassist , two percussionists in addition to a primary drummer , a sampler , and a turntablist .	vocalist	singer
digital signatures are equivalent to traditional handwritten signatures in many respects ; properly implemented digital signatures are more difficult to forge than the handwritten type .	forge	fake	copy	create	duplicate	recreate	falsify
triton was revealed to have remarkable active geysers and polar caps .	remarkable	amazing	incredible	great	impressive	awesome	interesting	real	huge	noteworthy	exceptional	notably	beautiful	wonderful	significant	super
polar bear fur consists of a layer of dense underfur and an outer layer of guard hairs , which appear white to tan but are actually transparent .	transparent	see through	translucent	colorless
the most common reason for erecting a khachkar was for votive reasons - for the salvation of the soul of either a living or a deceased person .	deceased	dead	building
scene 2 : the doctor rushes by the captain in the street , who urges him to slow down .	urges	tells	asks	begs	encourages	wants	suggests	asked	presses	demands	suggest	persuades	provokes	desired	encourage	spurs
the revival of lute in the 20th century revitalized the interest of composers in the instruments of the lute family .	revival	rebirth	return	comeback	renewal	awakening	recovery	restart	reuse	comback	reemergence	reintroduction	reformation	remake	coming back	restoration
lancelot de carles called her `` beautiful with an elegant figure '' , and a venetian in paris in 1528 also reported that she was said to be beautiful .	reported	wrote	noted	told	declared	indicated
he is notable as a performer of australian traditional folk songs in an authentic style .	performer	singer	entertainer	musician	player	actor	worker
the false gharial , also known as the malayan gharial , false gavial , or tomistoma is a fresh-water reptile resembling a crocodile with a very thin and elongated snout , which is thicker than the gharial .	elongated	long	extended	lengthened	lengthy	longer
he held several senior positions in the royal flying corps during world war i , serving as the commander of royal flying corps in france from 1915 to 1917 .	senior	older	high-level	upper	important	advanced	advance	superior	big	veteran	chief	top-level	leader	principal
the hush sound is currently on hiatus .	hiatus	break	vacation	hold	a break	pause	holiday	stop	rest
monte plata is a province of the dominican republic , and also the name of its capital city . it was split from san crist_bal in 1992 .	province	area	region	section	town	territory	district	division
from 1908 to 1911 he was the principal conductor of the vienna hofoper succeeding gustav mahler ; he retained the conductorship of the vienna philharmonic until 1927 .	retained	kept
mexican cinnamon hot chocolate is traditionally served alongside a variety of mexican pastries known as pan dulce and , as in spain , churros .	traditionally	normally	customarily	always	originally	commonly	typically	historically
cholera , sometimes known as asiatic or epidemic cholera , is an infectious gastroenteritis caused by enterotoxin-producing strains of the bacterium vibrio cholerae .	strains	types	kinds	lines	groups	variations	styles	families	differences	problems	pieces	forms	pressures	classes	chunks	type	a family
a hurricane struck dominica and puerto rico between july 22 and july 24 .	struck	hit	nit
in 1975 the old district steinfurt was merged with the district tecklenburg , and together with greven and saerbeck from the former district m_nster the current district was formed .	formed	founded	born	started	established
it was discovered by a team of astronomers led by brett j. gladman , et al . in 2003 .	discovered	evident
city of faizabad is the headquarters of faizabad district and a municipal board in the state of uttar pradesh , india , situated on the banks of river ghaghra .	headquarters	base	home	location	office	capital	main office	hometown	head building	home office	central location	head office	main location
hms guardian set out before the convict ships but struck ice after leaving the cape of good hope , returned to southern africa and was wrecked on the coast .	returned	came back	went back	went	gone	headed	came-back	turned	back	went again	turned around	revisited	relocated
on 1 october 1983 the pilot project began operations as a full-fledged bank and was renamed the grameen bank to make loans to poor bangladeshis .	full-fledged	real	developed	total	qualified	full-service	major	actual	working	bona fide	fully operating	legitimate	genuine
riel sought to preserve mtis rights and culture as their homelands in the northwest came progressively under the canadian sphere of influence .	sought	wanted	looked	seeked	wated	desired	attempted	acted	strove	looked for	searched	worked
they are characterized by spirituality and metaphysical themes , extremely long takes , lack of conventional dramatic structure and plot , and memorable cinematography .	cinematography	filming	movies	pictures	film	filmmaking	visuals	movie	scenery	camera work	filming style	movie making	movie planning	photography	directing	scenes	photos	imagery	films	filmography	video	graphics	backdrops	performances
glaciologically , ice age implies the presence of extensive ice sheets in the northern and southern hemispheres ; by this definition we are still in the ice age that began at the start of the pleistocene .	definition	meaning	explanation	description	idea	theory	classification	characterization	measure	answer	translation	example
grolangheim is a municipality in the district of kitzingen in bavaria in germany .	municipality	town	area	region	community	building	section	village
when a fair weather waterspout makes landfall it quickly dissipates as it loses the inflow of warm air into the vortex .	dissipates	disappears	scatters	fades	goes away	lessens	spreads	breaks up	evaporates	wastes	depletes	falls apart	shrinks	disolves	disperses	scattered	fizzles	stops	vanishes	dispels	slows	begins to melt away	clears	diminishes	vaporizes
after receiving the news of the important award , yunus announced that he would use part of his share of the $ 1.4 million award money to create a company to make low-cost , high-nutrition food for the poor ; while the rest would go toward setting up an eye hospital for the poor in bangladesh .	announced	declared	informed
phillip was appointed governor of new south wales , the first european colony on the australian continent , and was the founder of the site which is now the city of sydney .	appointed	named	selected	elected	the chosen	hired	designated	chosen as
after the demise of the whl , however , the stanley cup was awarded exclusively to the nhl playoff champion , and the wales trophy was given to the regular season champion .	exclusively	soley	entirely	singularly
italy purchased the city in 1905 and made mogadishu the capital of italian somaliland .	purchased	bought
the short-beaked echidna is an iconic animal in contemporary australia , notably appearing on the australian five-cent piece and on a $ 200 commemorative coin released in 1992 .	contemporary	present-day	old	mainstream	present day	historical	today's	popular	recent
situated 13 miles southeast of seattle , washington , renton straddles the southeast shore of lake washington .	situated	located	placed	set	at	on	positioned	around	sitting
yass is a prominent area for raising sheep which produce very fine wool due to the soil and climatic conditions of the yass area .	prominent	important	noticeable	known	popular	major	great	prime	big	famous	obvious	main	noted	huge	striking	defined	noticable	valuable	large	ideal	rich	excellent	populat
the interest was so great that developers found themselves advertising the parks rather than their own developments , as the highest prices would exist for the park perceived to be best .	advertising	promoting	selling	talking about	showing	praising	announcing	marketing	revealing	offering	telling people about	pushing	talking	publicizing	demonstrating	boosting	hyping	displaying
the romans believed the fumes produced by burning castoreum could induce an abortion ; paracelsus thought it could be used in the treatment of epilepsy ; and medieval beekeepers used it to increase honey production .	produced	caused	composed
outcast of redwall is a fantasy novel by brian jacques , published in 1995 .	novel	text
with the others bailed out for various food items , tom was the last man standing and won immunity .	various	many	a number of	many different	numerous	random	some	diffrent
jamie farr is an american television and film actor and popular game show panelist .	panelist	player	participant	guest	contestant	judge	contributor	actor
the association of virtue with withdrawal from society - and specifically from cities - was a familiar theme in religious literature .	theme	idea	topic	motif	concept	design	happening	point
at the end of each season , a series of playoff games are contested among the top six teams in the nfc , consisting of the four division champions and the two other teams with the best win-loss records .	contested	played	fought	debated	running	disputed	engaged in	matched
after the partitions of poland in 1794 the area was annexed by prussia .	annexed	taken	taken over	united	seized	captured	cut off	cutoff	overtaken	seperated	adjoined	conquered	made permanent
a british nobleman , lord stanhope , took an interest in hauser and gained custody of him late in 1831 .	gained	obtained	received	earned	was given	aquired	increased	gave
simon phillip cowell is an english music executive , television producer and entrepreneur .	entrepreneur	businessman	business owner	business man	businessperson	tycoon	business starter	founder	buisnessman	business-owner	promoter	employer	manager	business organizer	buiness owner	businesman	salesman	maker	business creator	businessmen
the principal greenhouse , in an art nouveau style with a modern metallic structure , resembles the mid-19th century crystal palace in london .	resembles	looks like	matches	simulates	mirrors	looks-like	reminds one of	favors	look like	is similar to	mimics	appears like	echos	match
metlink , formerly the met , is the marketing body and umbrella brand for public train , tram and bus transport operators in greater melbourne , victoria , australia .	brand	company	type	symbol	status	body	kind	character	trademark	term	entity	tradename	mark	maker	manufacturer
schoenberg refused , saying `` i would only make you a bad schoenberg , and you 're such a good gershwin already . ''	refused	said no	declined	denied	rejected	did not	didn't	replied	disagreed	wouldn't	would not	turned his back	chose not to	reject	negated	denies
however media outlets soon found ways around the ban , initially by the use of subtitles , but later and more commonly by the use of an actor reading his words over the images of him speaking .	initially	at first	originally	firstly	always	first off	starting
however , the new king , louis xviii , knew that ideas of nationalism and democracy still lingered in his country ; hence the establishment and signing of the charte constitutionnelle franaise , the french constitution otherwise known as la charte .	hence	causing	from now on	this led to	which led to	since	bringing about	which lead to	that is the reason for	due to	forward	leading to
in 1639 , williams established a baptist church in providence , rhode island , and clarke began a baptist church in newport , rhode island .	established	started	founded	set up	completed	owns
while each edition of windows 2000 was targeted to a different market , they share a core set of features , including many system utilities such as the microsoft management console and standard system administration applications .	core	basic	main	base	central	similair	important	kernal	fundamental
the battalion is usually part of a regiment , group or a brigade , depending on the organizational model used by that service .	usually	normally	mostly	generally	typically	commonly	most of the time	for the most part	almost always	most often
intense feelings of resentment trigger the initial retaliation , which causes the other party to feel equally aggrieved and vengeful .	retaliation	revenge	payback	reaction	response	fight back	vengeance	return	counterattack	retribution	revengeance	reprisal	vengance	repayment	anger	vengence	punishment
slipknot is a heavy metal band formed by vocalist and percussionist anders colsefni , guitarists donnie steele and josh `` gnar '' brainard , bassist paul gray , drummer joey jordison and percussionist shawn crahan , in des moines , iowa .	formed	started	put together	begun	shaped
the most recent goaltender to have scored a goal by deliberately shooting the puck into his opponents ' net was evgeni nabokov , in 2002 .	deliberately	purposely	purposefully	intentionally	knowingly	freely	on purpose	purposly	willfully	purposfully	directly	carefully	instinctively
these notable synagogues include ; the great synagogue of rome , the new synagogue , the leopoldst_dter tempel , the grand choral synagogue , the great synagogue , the moscow choral synagogue , the great synagogue of florence , the great synagogue , plzen , the great synagogue , the ko ice orthodox synagogue , the novi sad synagogue , the szeged synagogue , the sofia synagogue and the great synagogue of oran .	notable	important	famous	popular	great	major	prominet	evident	noticeable	famed	known	main	best
the northern and western edges of the cotswolds are marked by steep escarpments down to the severn valley and the warwickshire avon .	escarpments	cliffs	slope	bluffs	ledges	rocks	embankments	steps	inclines	cliff like ridge	declines
the roof of the west stand is corrugated iron this also houses the main television gantry which is accessed from the upper tier seating area by a temporary ladder .	tier	section	area	part of	layer	floor	deck	series	sectioned	rows of
it gradually decayed into a surface low pressure trough , and developed into two disturbances ; one was centered 290 miles south-southeast of cape cod and another was located 200 miles south of cape hatteras , north carolina .	gradually	increasingly	eventually	regularly	over time	gently	little by little
while in cambrai he collaborated with nicolas grenon on a complete revision of the liturgical musical collection of the cathedral , which included writing an extensive collection of polyphonic music for services .	included	involved	contained	consisted of	covered	also meant	was part of	was in part	took into account	had him	came with	comprised	also had	contain	was made up of
nevertheless , until the middle of the 20th century , agriculture dominated the canton .	nevertheless	regardless	yet	anyway	but	nonetheless	in any way	either way	even so	anyhow	sill	in any case
this category contains articles about albums released on island records .	contains	holds	houses
kasem is best known by name as a music historian and disc jockey , most notably as host of the weekly american top 40 radio program from 1970 to 1988 , and again from march 1998 until january 10 , 2004 , when ryan seacrest succeeded him .	program	show	segment	agenda
spun yarns may contain a single type of fiber , or be a blend of various types . combining synthetic fibers with natural fibers is very common .	various	many	lots of	myriad
the atmosphere was so intense that gring , in a telephone call that evening , stated : `` there is unbelievable jubilation in austria .	stated	daid	sayed
several other hollywood films are also believed to have been inspired by bollywood films .	inspired	influenced	encouraged	started	motivated	stirred	aroused	thought of	affected	triggered	take influence from	originated	caused	guided	infuenced	fueled	based on	begun	started off	brought on	moved	made in like of
the island of ireland lies only 30 k from the southwestern peninsula of kintyre ; norway is 305 k to the east and the faroes , 270 k to the north .	peninsula	cape	point	tip	area	landmass	outcrop	island	jetty	shores	point of land	land almost surrounded by water	land mass	border
the kingdom of the franks under charlemagne was particularly hard-hit by these raiders , who could sail down the seine with near impunity .	impunity	freedom	immunity	safety	exception	liberty	fearlessness	without punishment	invincibility	loss	exemption	permission	easily	certainty	freedom from punishment	secrecy	blameless	punishment	invisibility	nonpunishment	abandon	trouble	carelessness	unchecked	untouchability
during its boom times , beechworth town boasted a range of industries including , a tannery , jewellers , boot makers , a brewery , blacksmiths , livestock sale yards .	livestock	farm animal	farm animals	farm	barnyard animal	cows	live animal	cow
traditionally , after a long period of consuming gimjang kimchi during the winter , fresh potherbs and vegetables were popular for making kimchi . these kinds of kimchi were not fermented or even stored for long periods of time but were consumed fresh .	period	portion
on 5 february 2007 , apple inc. and apple corps announced a settlement of their trademark dispute under which apple inc. will own all of the trademarks related to `` apple '' and will license certain of those trademarks back to apple corps for their continued use .	announced	declared	said that	revealed	told	showed	told everyone	explained	informed of	agreed to	made known	made public	told about	introduced	noted	told people about
canadian english is the variety of english used in canada . more than 26 million canadians have some knowledge of english .	variety	type	kind	mix	collection	version	types	assortment	difference	multitude
the books were later adapted into a television series and a feature film .	adapted	turned	changed	converted	remade	worked	mad	fit
the mtr was immediately popular with residents of hong kong ; as a result , subsequent lines have been built to cover more territory . there are continual debates regarding how and where to expand the mtr network .	immediately	instantly	right away	rightaway	at once	always
this is a considerably higher total than that of any other european country .	considerably	much	greatly	significantly	lot	noteworthy	reasonably	larger	noticably	a lot	definitely	mcuh	remarkably	noticeably
his reign spanned the years from 809 through 823 .	spanned	lasted	covered	was from	went from	crossed	ranged	stretched over	was between	joined	lasted from	was in	oversaw	bridged
in 1269 it was the seat of a famous battle during the wars of guelphs and ghibellines and in 1479 it was besieged by neapolitan troops .	besieged	attacked	taken	surrounded	taken over	invaded	overtaken	took over	placed under seige	assaulted	captured	blockaded
once a flourishing saxon riverport , it lies in the waveney valley and is a popular boating center .	lies	sits	is located	rests	is found	is in	stands	is situated	stis
then cogswell asked gallaudet to travel to europe to study methods for teaching deaf students , especially those of the braidwood family in edinburgh , scotland .	travel	move	fly	go with him	go to	explore	journey
swiss cheese is a generic name common to many countries for several related varieties of cheese which resemble the swiss emmental .	resemble	look like	are like	looks like	are similar to	mirror	lookalike	remind	matches	is similar to	mimics	favor	mimic	imitate	match
fiction records is a uk formerly indie label , now wholly owned by polydor a subsidiary of universal music group , started by chris parry in 1978 that is best known as being the home of the cure for over 20 years .	owned	bought	controlled	possessed	kept	belonging to	ran	a part of	absorbed	belongs to	belonged to
the sculpture was made from the same weathering steel as the angel of the north sculpture , which gradually develops a tightly adhering oxide layer as it is exposed to the elements .	gradually	over time	eventually	fastly
valzacchi and annina now offer their services to him .	services	help	business	skills	assistance	abilities	labor	expertise	offers	jobs	assitance
because carbon dioxide is released at a faster rate through the acid-base reaction than through fermentation , breads made by chemical leavening are called quick breads .	released	let go	freed	let out	put out	given off	discharged	mades	exposed	issued	moved	given out	dispensed	sent out	let-go	dispersed	launched
as an adult , he was charged with a long list of crimes , including possession of counterfeit money , loitering and prowling , burglary , kidnapping and armed robbery .	loitering	lingering	hanging around	standing	waiting	standing around	wandering	tresspassing	loafing	linger	sticking	dawdling	hanging out	hanging	pausing	being where he was not supposed to be	hanging out without a reason	trespassing	hanging around places he shouldn't be	lurking	being on another's property	wasting time
it was founded where the nascent sydney to melbourne road crossed water in the form of the yass river .	nascent	emerging	developing	budding	expanding	start of the	abandoned	starting	blossoming	closeby	long	newborn	promising	very early	newly forming
heights are measured to the structural height , which includes architectural elements , but not communications spires or antennas , per the guidelines of the council on tall buildings and urban habitat .	includes	incorporates	adds	contain	also has	sprinting	is in part	allows for	uses	joins	takes into account	entails	involves
the dam was completed in 1974 and was designed to store water from the indus river for irrigation and flood control , and for the generation of hydro-electric power .	designed	engineered	made to	build	intended	constructed
xanten is also a popular filming location and the site of many concerts .	site	location	area	home	spot	palce	venue
loch ness is best known for the alleged sightings of the legendary loch ness monster , also known as `` nessie '' .	legendary	famous	fabled	famed	mythical	well known	mystical	great	rare	awesome	unreal	supposed	popular	epic	infamous
security-enhanced linux is a linux feature that provides a mechanism for supporting access control security policies , including u.s. department of defense style mandatory access controls , through the use of linux security modules in the linux kernel .	provides	gives	supplies	brings	grants	stocks	makes available	uses	serves
it lies on the southern side of lake constance .	lies	sits	rests	is located	sets	is found	can be found	resides	locates
the croatia national football team represents the republic of croatia in international football .	represents	plays for	stands for	serves	embodies	exhibits	symbolizes	personifies	forms	from	belongs to	acts as	captures	speaks for	equals	signifies	leads	portrays	helps	marks	appears as	supports	display	stands up for	is from
it is rare and valuable in finer grades and has been prized as a gem and ornamental stone for thousands of years owing to its unique hue .	hue	color	shade	tone	type of paint
a tuning fork or electronic tuning device may be used as a reference pitch , though in ensemble rehearsals often a piano is used .	reference	source	sample	starting	guide	comparison	base	example	basic	comparitive	note	resource	baseline	relative	hint	go to	guidance	suggested	related	noted	helping	ideal	associating	guiding	perfect	referral	pointing out	indicating
peter became extratropical on december 11 , and was absorbed by a cold front shortly thereafter .	thereafter	after	afterwards	after that	afterward	following the eleventh.	a little while later.	soon after	from that time forward
in 2003 , dushku appeared in wrong turn , a horror film in which she had the starring role , and the kiss , an independent comedy-drama .	appeared	acted	showed up	played	was in	looked	was seen	arose	showed	show up
his fighting style is primarily judo but has been modified to fight without the use of a judogi .	primarily	mostly	normally	essentially	basically
in 1901 , an independent governor was again appointed .	appointed	elected	selected	named	hired	declared	assigned t	put in	put into office	picked	given the job	employed	put in place
the album primarily deals with social issues that the band points on through various songs .	points	focuses	hits	speaks	indicates	notes	discusses	talks about	sings	touches on	spots	addresses	highlights	looks	stops	states	leads	speaks of	tallies	describes	remarks	makes noticable	aims	marks	talks	explains	refers to
a state religion is a religious body or creed officially endorsed by the state .	endorsed	supported	approved	backed	recommended	accepted	adopted	sanctioned	advocated	okayed	recognized	noticed	allowed	promoted	baked	encouraged
it initially was completely dark , but as voyager 2 approached the planet , a bright core developed and can be seen in most of the highest-resolution images .	initially	at first	originally	firstly	was first
according to kojiki , the entrance to yomi lies in izumo province and was sealed off by izanagi-no-mikoto upon his flight from yomi , at which time he permanently blocked the entrance by placing a massive boulder at the base of the slope that leads to yomi . upon his return to ashihara-no-nakatsukuni , izanagi noted that yomi is a `` polluted land '' .	placing	putting	adding	laying	moving	leaving
its status as an official geological period was ratified in 2004 by the international union of geological sciences , making it the first new geological period declared in 120 years .	ratified	approved	confirmed	passed	accepted	changed	made true	declared	stopped	certified	agreed upon
nearby there is the goobang national park , and peak hill which features an open cut mine that can be toured during holidays .	features	displays	offers	hallmarks	spotlights
good friday , also called holy friday , black friday , or great friday , is a holiday observed primarily by adherents to christianity commemorating the crucifixion of jesus and his death at calvary .	primarily	mostly	normally	predominantly
as of , it lies at latitude 66 33 39 south of the equator .	lies	sits	is located	exists	rests	is found	resides	is positioned	stands	locates	stations	sets
during the first boer war , the city was besieged by republican forces in december 1880 and march 1881 .	besieged	attacked	surrounded	taken over	taken	invaded	overrun	trapped	placed under seige	controlled	over taken	encircled	took over	overwhelmed
one of the defining aspects of the nintendo gamecube is the rejuvenated relationship between nintendo and its licensees . unlike previous generations in which nintendo was seen by some as bullying its third-party game developers , nintendo openly sought game-development aid on the nintendo gamecube .	rejuvenated	renewed	restored	mended	revived	improved	fresh	energized	strengthened	restarted	helped bring back	redesigned	healed	reborn	renew	friendly
montgomery county of the u.s. state of maryland is situated just north of washington , d.c. and southwest of baltimore .	situated	located	placed	set	sitting
the birthday cake is traditionally highly decorated , and typically covered with lit candles when presented , the number of candles signifying the age of the celebrant .	traditionally	normally	always	commonly	historically
in wales , four church of england dioceses were disestablished in 1920 , becoming separated from the church of england in the process and subsequently becoming the church in wales .	separated	divided	removed	apart	split	moved	disconnected	independent	seperate	divorced	distinct	moved apart	free	detatched	broken away	disjointed	set apart	distant	split up	detached	independant	severed
the true cross is the name for physical remnants which , by a christian tradition , are believed to be from the cross upon which jesus was crucified .	remnants	remains	pieces	leftovers	pieces of wood	remainders	peices	artifacts	items	residual	left overs
seafloor spreading occurs at mid-ocean ridges , where new oceanic crust is formed through volcanic activity and then gradually moves away from the ridge .	gradually	increasingly	eventually	little by little	regularly	progressively
it reached a peak position of number thirty-seven on the billboard hot modern rock tracks chart .	reached	hit	got to	came to	climbed to	received	extended	got up to	went to	achieved	acheived	entered
the shinto pantheon alone consists of an uncountable number of kami .	consists	is made	is made up	is made up of	comprises	composed	makes up	has a lot	exists	belong	is formed	endures	is made of	has most	is composed
business development manager strategic alliances This individual will be responsible for coordinating , negotiating , launching , and managing Accuity 's partner relationships .	managing	handling	controlling	look after	take care of	directing	organising
it is relatively simple to find lenses which will maintain reasonably good central resolution the central resolution , but thus far , I have not been able to achieve an edge resolution better than about 0.1 mm with `` off the shelf `` lenses .	thus	this
the calculation is based on the loan 's original principal , so Fellows who are not recent graduates , and thus have been making loan payments , are treated the same as new graduates .	thus	consequently	accordingly
thus for example , ophthalmologists will need to know in a given population how many people of a particular age group and/or sex will suffer a retina detachment in the course of a year .	thus	consequently
although he 's pitched 200 innings for the first time since Mike had a girlfriend ( 200 innings being 6 more than any Met has pitched this season thus far ) , Pedro has , again , seemed annoyingly off-balance lately .	thus	this
grey 's reformist doctrines can thus be seen , not as an attempt to set out on the road to democracy , but as a means to strengthen the power of his own class , the aristocracy .	thus	accordingly	consequently
a clear imperative thus confronts American progressives -- that intricate ( and frequently fragile ) web of communities comprised of people of color , feminists , gays and lesbians , the poor and working class , as well as ethnic whites who value ethnicity , indeed all who have been systematically disenfrancised and dehumanized under the once ascendant `` traditional values `` of pre-Civil Rights America .	thus	consequently
we struggle to think of any other minority group in society who would be so easily and conveniently stereotyped and are saddened that law abiding , genuine football supporters of both sexes , all ages and backgrounds who want to stand are thus thought of and portrayed as would be hooligans merely because they prefer to stand .	thus	consequently
the kind of control he exercises is thus likely to be limited to `` passive `` control such as inspection of produced goods and testing to insure that quality standards are being met .	thus	accordingly	consequently
thus they can connect with `` who found them `` .	thus	in this way	in this manner	accordingly	consequently
the experiment also helps us in understanding the language of dreams , and thus begins the process of interpretation .	thus	there	consequently
going to Court : civil Trial Procedure This pamphlet explains what happens when you go to court about civil cases involving negligence or damages .	civil	private	citizen	noncriminal	civic	ordinary private
with all due respect to our civil authorities and lawmakers , we are called to testify by word and action , to the essential truths of our faith .	civil	elected	civic
it is contrary to the spirit of civil law , and to the natural working of economic law .	civil	noncriminal	civic	ordinary private
yes , we occasionally get into some heated discussions here , and the language can get a bit colorful at times , but in general , the posters are relatively civil and well-behaved .	civil	polite	cordial	courteous	inoffensive
Lionel , Singapore Lebanon has overcome all adversities in the past , ranging from civil wars to Israeli invasion .	civil	people\'s	domestic
this means combating corruption , building strong and accountable public sectors which have the necessary staff to deliver vital services , and ensuring that parliaments , civil society , and the media can monitor public spending and act as watchdogs against corruption .	civil	polite	general	nongovernmental	civic
truly classy people find a way to be polite , civil and courteous .	civil	friendly	thoughtful	well mannered	benevolent	cordial
not just another period piece on Germany 's disturbing past , this film should have deep resonance for today 's movie fans who are concerned about civil and human rights .	civil	personal	citizen	citizens\'	individual	civic	community
spontaneous gestures are a pie in the face of civil society .	civil	polite	friendly	well mannered	cultured
since civil discourse in our country is increasingly lacking , and the word insanity in this context implies a lack of such civility , how can that be a good thing for anybody or the mark of a great president ? Eh , one episode , wha-evuh .	civil	courteous	polite	cordial	social
the different variables defining the optimal state can therefore be seen as intrinsic needs .	therefore	as a result	accordingly	consequently
this is not a new phenomenon , but one inherent to capitalism itself and recognised by Karl Marx who pointed out that `` During its time of circulation capital does not perform the functions of productive capital and therefore produces neither commodities nor surplus-value '' 16 and , Circulation proceeds in space and time .	therefore	consequently
the terms therefore seek to preclude Plaxo from complying with a request by an individual for alteration or deletion of their personal data .	therefore	accordingly	consequently
psychologists are not doctors and therefore they can not prescribe medication .	therefore	consequently
labour market deregulation is therefore instrumental in boosting jobs and reducing unemployment .	therefore	accordingly	consequently
you should therefore report the break-in to the police .	therefore	accordingly	consequently
we therefore oppose the government 's proposals .	therefore	accordingly	consequently
this setting exists to prevent accidental 'panning ' on mouse downs that are intended for other actions ( and therefore , prevent unintended changing of the scaling into manual mode ) .	therefore	accordingly	consequently
you will therefore permit me to repeat , emphatically , that Marley was as dead as a door-nail .	therefore	accordingly	consequently
they should take note of Darius ' admonitions . -- Well I think this is ok because they 're part of your race and therefore part of your extended family .	therefore	accordingly	consequently
a subsidiary was floated in the UK , Tata Tea ( GB ) Ltd. , which acquired the controlling interest in the Tetley Group .	acquired	bought	obtained	procured
how many times have I caught up with those people several years later , to discover that they have acquired a lifestyle , a car and a mortgage to match their salary , and that their initial ideals have faded to the haziest of memories , which they now dismiss as a post-adolescent fantasy ?	acquired	obtained	achieved	procured
thank you for having Osiris here . We 've been involved in mesenchymal stem cell , adult stem cell research for about 11 years now . Our technology came out of Arnie Kaplan 's lab and was acquired from Case Western at that time , and we 've been solely focused in that area since on several applications .	acquired	bring in	bought	obtained	procured
more than 200 of the most significant works acquired by the Corning Museum of Glass during the 1990s , to augment its holdings of 35,000 objects , are featured here .	acquired	bought	obtained	procured
to understand why this should have been so , we need to look more closely at the nature of the style and its origins .	closely	carefully	in detail	intently	attentively	scrupulously
some people have guessed that this radiation is closely related to a period of intense cold and a high level of ice cover occurring around 600 mya ; perhaps environmental stresses wiped out competitors and created opportunities for a ( relatively ) clever animal to succeed and proliferate .	closely	nearly	strongly	directly	intimately
they are working closely with Natural Tunnel State Park , where the staff , eager to have additional housing nearby , have assured the Bakers that they will be booked on a regular basis since the demand for housing outweighs supply .	closely	together	in unison	intimately	in concert	collectively
the Department is also working closely with hm Customs and Excise who are in the lead on developing the national lorry road user charging scheme .	closely	together	in unison	intimately	in concert	collectively
retail : in the U.S. , analysts will be looking closely at third-quarter results .	closely	carefully	attentively	in detail	intently
their academic careers are closely intertwined with social and political developments such as secularisation and antisemitism .	closely	strongly	neatly	narrowly	intimately
`` the baby has developed very normally and has been followed closely .	closely	carefully	attentively	in detail	intently
to prevent asthma episodes you will have to work closely with your doctor to : develop a medicine plan that keeps you from getting symptoms .	closely	carefully	together	in concert	alongside	in unison	in tandem
problems are flagged quickly and , working closely with your staff , we propose solutions .	closely	together	carefully	in unison	intimately	in concert	in tandem
what women want on A first date ( updated Thursday , Dec 5 , 2002 , 02:06:55 PM to reflect the 100 most recent valid responses. ) assuming you are a woman , which most closely matches your idea of a great first date ?	closely	nearly
`` what Meeks did not mention is that GUEA bought the building from her church , Victory Apostolic Faith Church in Chicago , where she and her father are prominent members , according to Cook County property records and the church 's Web site .	prominent	leading	important	well known
among the recipients were prominent journalists and producers , scions of the alternative press , and a smattering of current and former intelligence analysts who often serve as sources in news analyses and articles .	prominent	leading	important	well known	high profile	eminent
update Posted at 10:00 AM -- Permalink Back in this post , I reported that the Tropicana Hotel in Las Vegas had stopped accepting reservations for after April 15 and that a prominent demolition company had told a reporter that it was studying how to blow up the place .	prominent	leading	well known	renowned	high profile
`` evidence is easily found of multipolarity and China 's prominent role in promoting it .	prominent	leading	important	significant	foremost	conspicuous
reeling from the effects of World War II , prominent local businessmen led by the visionary Archie Jewell , purchased the building in 1943 and renovated it to become `` The International House `` , a newly-created non-profit trade association dedicated to world peace , trade and understanding .	prominent	leading	well known	widely known	high profile	renowned
there were five references to Crawford : three dealing with his present claims that he lied on behalf of the tobacco companies , one dealing with a property dispute , and another , which identified him as a prominent criminal lawyer , who had been involved in 33 capital cases .	prominent	leading	well known	famous	widely known	renowned
expansion of markets , improvement of profit potential , and reduction of cost factors join the enhancement of competitive position as prominent forces moving organizations toward globalization .	prominent	major	important	foremost	conspicuous
i have argued in my previous article for PDF that `` [ f ] or Armstrong Williams-like bloggers actually paid by campaigns or other political committees to promote or attack a candidate for federal office , prominent and on-the-spot disclosure should be mandated . '' A disclosure on a campaign 's website in a quarterly report after the election deprives voters of valuable information about the possible motivations for an analysis or commentary appearing on a website .	prominent	visible	obvious	conspicuous
this pattern of bad journalism is a prominent feature of every pro-hoax text and video .	prominent	obvious	noticeable	salient	conspicuous
apple vs. Microsoft My AltaVista survey results revealed that `` Gates Hate `` is more prominent among Mac fans than with other groups -- providing a rationale for starting with Apple in our examination of the various conflicts listed above .	prominent	obvious	noticeable	pronounced	conspicuous	prevalent
posted by : Robrob at June 23 , 2005 02:04 AM Where will the greed of corporations intent on rendering skilled American workers obsolete end ?	rendering	leaving	converting
in particular , provision of an alternative route for cyclists should never be regarded as an excuse for rendering the original road or junction unsuitable for cyclists .	rendering	leaving	portraying
`` this renders necessary a brief review of the position occupied by the Administration on this important and vital question .	renders	cause to be	render
Spaghettini with mullet roe and grated vegetables , and penne with sundried tomatoes and basil were both full of flavour and pleasantly light , which was lucky as I was almost defeated by an exceptionally tender and tasty lamb shank to follow .	tender	soft
women usually notice little change in their breasts , but if you are a man , your breasts may become slightly larger and may be tender .	tender	sore	sensitive	painful
`` i can be very , very strong , but on the other hand , I have very tender sentiments .	tender	kind	gentle	sympathetic
rabbits often feed on young , tender perennial growth as it emerges in spring , or on young transplants .	tender	soft
the grilled octopus was very tender .	tender	soft
Cook the rice , covered , over boiling water for about 30 minutes , or until the grains are tender .	tender	soft
they feed at that period on the opening buds of maples , and others that are equally tender and juicy .	tender	soft
Anne Bradstreet 's poetry is so tender and poignant , Cotton Mather 's preaching is both ornery and passionate , Richard Baxter 's Reformed Pastor is one of the classics , and Jonathan Edwards , is , well , Jonathan Edwards ( if you consider him a Puritan , not everyone does. ) Oh , by the way , great article about Puritans here .	tender	sensitive	gentle
China , India , Latin America and the rest of Asia will help grow worldwide demand for electric power by 59 percent over the next two decades . '' The hydrogen economy is based on the idea that fuel cells that run on hydrogen have the potential to replace current energy systems in all forms , from vehicle propulsion to stationary power generation to mobile phone batteries .	worldwide	global	international
this has been , at times , merely an effort to gain greater public renown for their group or cause , but more troubling have been the groups seeking to push forward al-Qaida 's agenda of worldwide terror .	worldwide	global	international
this is where the information revolution is happening -- and our share of these voices is smaller and smaller -- so America must find way to reach and engage a wider , younger , more diverse worldwide audience .	worldwide	global	international
that same thing could happen if we had a Manhattan type project focusing on renewables , potential worldwide markets , if we are the leader , and we have every reason to be the leader because we have the biggest problem .	worldwide	global	international
at the time of writing , the anti-semitic policies of the Soviet Union are also a subject of worldwide protest .	worldwide	global	international	universal
he suggested building an experimental hypertext ' web ' for the worldwide community of physicists who used CERN and its publications .	worldwide	global	international
furthermore , non-residents can apply to be treated like a resident if his/her income from German sources is either at least 90 percent of his/her worldwide income or his/her non-German source income is less than DM12,000 ( 24,000 for married couples ) .	worldwide	total	global	international
after adding the separate partnerships of JLW Ireland and JLW Scotland , the combined total of our European and North American businesses represented approximately 75 % of worldwide revenue in 1998 , up from approximately 63 % in 1997 .	worldwide	global	international
OSIS also provides its users with direct , yet protected , access to the Internet and its broad range of worldwide open source information resources .	worldwide	global	international
like Maypoles , wreaths too , as she points out , figure in May Day as well as Summer solstice celebrations . http : //www.schooloftheseasons.com/signssummer.html [ Link updated 5/20/02 ] [ Added 26 May 2000 ] : this fun page collects worldwide insights from people who write to Waverly and comment on how summer begins for them .	worldwide	global	international
these functions also use scheduling priority to decide which thread gets to execute when there is contention .	functions	activities	tasks	operations	sequences	subroutines
functions of the Presidency One way of bringing focus to the presidency is to determine what the functions of the position should be .	functions	jobs	roles
